{
	"credit": "Made with Blockbench",
	"texture_size": [32, 32],
	"textures": {
		"0": "magic:armor/hicvials",
		"particle": "magic:armor/hicvials"
	},
	"elements": [
		{
			"from": [0, -2, 8],
			"to": [1, 0, 9],
			"rotation": {"angle": 0, "axis": "y", "origin": [0, -2, 6]},
			"faces": {
				"north": {"uv": [3, 2, 3.5, 3], "texture": "#0"},
				"east": {"uv": [6, 12, 6.5, 13], "texture": "#0"},
				"south": {"uv": [6.5, 12, 7, 13], "texture": "#0"},
				"west": {"uv": [12, 6.5, 12.5, 7.5], "texture": "#0"},
				"up": {"uv": [5.5, 4, 5, 3.5], "texture": "#0"},
				"down": {"uv": [2, 6.5, 1.5, 7], "texture": "#0"}
			}
		},
		{
			"from": [0, -4, 9],
			"to": [1, 2, 10],
			"rotation": {"angle": 0, "axis": "y", "origin": [0, -2, 6]},
			"faces": {
				"north": {"uv": [4.5, 9, 5, 12], "texture": "#0"},
				"east": {"uv": [5, 9, 5.5, 12], "texture": "#0"},
				"south": {"uv": [9, 5, 9.5, 8], "texture": "#0"},
				"west": {"uv": [5.5, 9, 6, 12], "texture": "#0"},
				"up": {"uv": [13, 9.5, 12.5, 9], "texture": "#0"},
				"down": {"uv": [10, 13, 9.5, 13.5], "texture": "#0"}
			}
		},
		{
			"from": [0, -3, 7],
			"to": [1, 1, 8],
			"rotation": {"angle": 0, "axis": "y", "origin": [0, -2, 6]},
			"faces": {
				"north": {"uv": [10.5, 4.5, 11, 6.5], "texture": "#0"},
				"east": {"uv": [0, 11, 0.5, 13], "texture": "#0"},
				"south": {"uv": [0.5, 11, 1, 13], "texture": "#0"},
				"west": {"uv": [11, 1.5, 11.5, 3.5], "texture": "#0"},
				"up": {"uv": [9, 7.5, 8.5, 7], "texture": "#0"},
				"down": {"uv": [10.5, 4.5, 10, 5], "texture": "#0"}
			}
		},
		{
			"from": [2, -2, 4],
			"to": [3, 0, 5],
			"rotation": {"angle": 0, "axis": "y", "origin": [1, -2, 4]},
			"faces": {
				"north": {"uv": [13, 8, 13.5, 9], "texture": "#0"},
				"east": {"uv": [8.5, 13, 9, 14], "texture": "#0"},
				"south": {"uv": [9, 13, 9.5, 14], "texture": "#0"},
				"west": {"uv": [13, 9, 13.5, 10], "texture": "#0"},
				"up": {"uv": [7, 2, 6.5, 1.5], "texture": "#0"},
				"down": {"uv": [8.5, 1, 8, 1.5], "texture": "#0"}
			}
		},
		{
			"from": [4, -2, 4],
			"to": [5, 0, 5],
			"rotation": {"angle": 0, "axis": "y", "origin": [3, -2, 4]},
			"faces": {
				"north": {"uv": [7, 13, 7.5, 14], "texture": "#0"},
				"east": {"uv": [1, 10.5, 2, 11.5], "texture": "#0"},
				"south": {"uv": [13, 7, 13.5, 8], "texture": "#0"},
				"west": {"uv": [2, 10.5, 3, 11.5], "texture": "#0"},
				"up": {"uv": [8, 14, 7.5, 13], "texture": "#0"},
				"down": {"uv": [8.5, 13, 8, 14], "texture": "#0"}
			}
		},
		{
			"from": [6, -1, 4],
			"to": [7, 1, 5],
			"rotation": {"angle": 0, "axis": "y", "origin": [5, -1, 4]},
			"faces": {
				"north": {"uv": [13, 5, 13.5, 6], "texture": "#0"},
				"east": {"uv": [10, 9, 11, 10], "texture": "#0"},
				"south": {"uv": [6, 13, 6.5, 14], "texture": "#0"},
				"west": {"uv": [10, 10, 11, 11], "texture": "#0"},
				"up": {"uv": [13.5, 7, 13, 6], "texture": "#0"},
				"down": {"uv": [7, 13, 6.5, 14], "texture": "#0"}
			}
		},
		{
			"from": [8, 1, 4],
			"to": [9, 3, 5],
			"rotation": {"angle": 0, "axis": "y", "origin": [7, 1, 4]},
			"faces": {
				"north": {"uv": [3, 13, 3.5, 14], "texture": "#0"},
				"east": {"uv": [10, 8, 11, 9], "texture": "#0"},
				"south": {"uv": [13, 3, 13.5, 4], "texture": "#0"},
				"west": {"uv": [8.5, 10, 9.5, 11], "texture": "#0"},
				"up": {"uv": [4, 14, 3.5, 13], "texture": "#0"},
				"down": {"uv": [4.5, 13, 4, 14], "texture": "#0"}
			}
		},
		{
			"from": [10, 3, 4],
			"to": [11, 5, 5],
			"rotation": {"angle": 0, "axis": "y", "origin": [9, 3, 4]},
			"faces": {
				"north": {"uv": [13, 0, 13.5, 1], "texture": "#0"},
				"east": {"uv": [3, 10, 4, 11], "texture": "#0"},
				"south": {"uv": [0.5, 13, 1, 14], "texture": "#0"},
				"west": {"uv": [10, 3.5, 11, 4.5], "texture": "#0"},
				"up": {"uv": [13.5, 2, 13, 1], "texture": "#0"},
				"down": {"uv": [3, 13, 2.5, 14], "texture": "#0"}
			}
		},
		{
			"from": [10, 6, 4],
			"to": [11, 8, 5],
			"rotation": {"angle": 0, "axis": "y", "origin": [9, 6, 4]},
			"faces": {
				"north": {"uv": [12.5, 8, 13, 9], "texture": "#0"},
				"east": {"uv": [10, 1.5, 11, 2.5], "texture": "#0"},
				"south": {"uv": [10, 12.5, 10.5, 13.5], "texture": "#0"},
				"west": {"texture": "#0"},
				"up": {"uv": [13, 13, 12.5, 12], "texture": "#0"},
				"down": {"uv": [0.5, 13, 0, 14], "texture": "#0"}
			}
		},
		{
			"from": [2, -3, 5],
			"to": [5, 0, 6],
			"rotation": {"angle": 0, "axis": "y", "origin": [4, -3, 5]},
			"faces": {
				"north": {"uv": [7.5, 7.5, 9, 9], "texture": "#0"},
				"east": {"uv": [1.5, 12, 2, 13.5], "texture": "#0"},
				"south": {"uv": [0, 8, 1.5, 9.5], "texture": "#0"},
				"west": {"uv": [2, 12, 2.5, 13.5], "texture": "#0"},
				"up": {"uv": [13.5, 3, 12, 2.5], "texture": "#0"},
				"down": {"uv": [13.5, 4, 12, 4.5], "texture": "#0"}
			}
		},
		{
			"from": [4, 0, 5],
			"to": [6, 1, 6],
			"rotation": {"angle": 0, "axis": "y", "origin": [5, -2, 5]},
			"faces": {
				"north": {"uv": [5, 2, 7, 3.5], "texture": "#0"},
				"east": {"uv": [1, 12, 1.5, 13.5], "texture": "#0"},
				"south": {"uv": [3.5, 5.5, 5.5, 7], "texture": "#0"},
				"west": {"uv": [12, 1, 12.5, 2.5], "texture": "#0"},
				"up": {"uv": [3, 10.5, 1, 10], "texture": "#0"},
				"down": {"uv": [12, 1, 10, 1.5], "texture": "#0"}
			}
		},
		{
			"from": [6, -1, 5],
			"to": [8, 1, 6],
			"rotation": {"angle": 0, "axis": "y", "origin": [6, -1, 5]},
			"faces": {
				"north": {"uv": [9.5, 7, 10.5, 8], "texture": "#0"},
				"east": {"uv": [5.5, 12.5, 6, 13.5], "texture": "#0"},
				"south": {"uv": [0, 10, 1, 11], "texture": "#0"},
				"west": {"uv": [12.5, 6.5, 13, 7.5], "texture": "#0"},
				"up": {"uv": [13.5, 2.5, 12.5, 2], "texture": "#0"},
				"down": {"uv": [8.5, 12.5, 7.5, 13], "texture": "#0"}
			}
		},
		{
			"from": [6, 1, 5],
			"to": [8, 2, 6],
			"rotation": {"angle": 0, "axis": "y", "origin": [7, 0, 5]},
			"faces": {
				"north": {"uv": [4.5, 7.5, 6, 9], "texture": "#0"},
				"east": {"uv": [10.5, 11.5, 11, 13], "texture": "#0"},
				"south": {"uv": [6, 7.5, 7.5, 9], "texture": "#0"},
				"west": {"uv": [11, 11.5, 11.5, 13], "texture": "#0"},
				"up": {"uv": [13, 11, 11.5, 10.5], "texture": "#0"},
				"down": {"uv": [13, 11.5, 11.5, 12], "texture": "#0"}
			}
		},
		{
			"from": [7, 2, 5],
			"to": [9, 3, 6],
			"rotation": {"angle": 0, "axis": "y", "origin": [8, 1, 5]},
			"faces": {
				"north": {"uv": [8.5, 3, 10, 4], "texture": "#0"},
				"east": {"uv": [4.5, 12.5, 5, 13.5], "texture": "#0"},
				"south": {"uv": [8.5, 4, 10, 5], "texture": "#0"},
				"west": {"uv": [5, 12.5, 5.5, 13.5], "texture": "#0"},
				"up": {"uv": [13, 10, 11.5, 9.5], "texture": "#0"},
				"down": {"uv": [13, 10, 11.5, 10.5], "texture": "#0"}
			}
		},
		{
			"from": [8, -1, 5],
			"to": [9, 0, 6],
			"rotation": {"angle": 0, "axis": "y", "origin": [9, -2, 5]},
			"faces": {
				"north": {"uv": [8.5, 3, 10, 4], "texture": "#0"},
				"east": {"uv": [4.5, 12.5, 5, 13.5], "texture": "#0"},
				"south": {"uv": [8.5, 4, 10, 5], "texture": "#0"},
				"west": {"uv": [5, 12.5, 5.5, 13.5], "texture": "#0"},
				"up": {"uv": [13, 10, 11.5, 9.5], "texture": "#0"},
				"down": {"uv": [13, 10, 11.5, 10.5], "texture": "#0"}
			}
		},
		{
			"from": [5, -2, 5],
			"to": [8, -1, 6],
			"rotation": {"angle": 0, "axis": "y", "origin": [8, -3, 5]},
			"faces": {
				"north": {"uv": [8.5, 3, 10, 4], "texture": "#0"},
				"east": {"uv": [4.5, 12.5, 5, 13.5], "texture": "#0"},
				"south": {"uv": [8.5, 4, 10, 5], "texture": "#0"},
				"west": {"uv": [5, 12.5, 5.5, 13.5], "texture": "#0"},
				"up": {"uv": [13, 10, 11.5, 9.5], "texture": "#0"},
				"down": {"uv": [13, 10, 11.5, 10.5], "texture": "#0"}
			}
		},
		{
			"from": [5, -1, 5],
			"to": [6, 0, 6],
			"rotation": {"angle": 0, "axis": "y", "origin": [8, -2, 5]},
			"faces": {
				"north": {"uv": [8.5, 3, 10, 4], "texture": "#0"},
				"east": {"uv": [4.5, 12.5, 5, 13.5], "texture": "#0"},
				"south": {"uv": [8.5, 4, 10, 5], "texture": "#0"},
				"west": {"uv": [5, 12.5, 5.5, 13.5], "texture": "#0"},
				"up": {"uv": [13, 10, 11.5, 9.5], "texture": "#0"},
				"down": {"uv": [13, 10, 11.5, 10.5], "texture": "#0"}
			}
		},
		{
			"from": [8, 0, 5],
			"to": [11, 2, 6],
			"rotation": {"angle": 0, "axis": "y", "origin": [9, 2, 5]},
			"faces": {
				"north": {"uv": [5, 0, 6.5, 2], "texture": "#0"},
				"east": {"uv": [4, 9.5, 4.5, 11.5], "texture": "#0"},
				"south": {"uv": [2, 5, 3.5, 7], "texture": "#0"},
				"west": {"uv": [9.5, 9, 10, 11], "texture": "#0"},
				"up": {"uv": [13, 6.5, 11.5, 6], "texture": "#0"},
				"down": {"uv": [10, 11.5, 8.5, 12], "texture": "#0"}
			}
		},
		{
			"from": [9, 2, 5],
			"to": [12, 4, 6],
			"rotation": {"angle": 0, "axis": "y", "origin": [10, 3, 5]},
			"faces": {
				"north": {"uv": [8.5, 2, 10, 3], "texture": "#0"},
				"east": {"uv": [12.5, 0, 13, 1], "texture": "#0"},
				"south": {"uv": [3, 8.5, 4.5, 9.5], "texture": "#0"},
				"west": {"uv": [12.5, 1, 13, 2], "texture": "#0"},
				"up": {"uv": [13, 6, 11.5, 5.5], "texture": "#0"},
				"down": {"uv": [7.5, 11.5, 6, 12], "texture": "#0"}
			}
		},
		{
			"from": [1, -3, 5],
			"to": [3, 0, 6],
			"rotation": {"angle": 0, "axis": "y", "origin": [11, 4, 5]},
			"faces": {
				"north": {"uv": [9.5, 5, 10.5, 6], "texture": "#0"},
				"east": {"uv": [11.5, 12, 12, 13], "texture": "#0"},
				"south": {"uv": [9.5, 6, 10.5, 7], "texture": "#0"},
				"west": {"uv": [12, 12, 12.5, 13], "texture": "#0"},
				"up": {"uv": [13, 8, 12, 7.5], "texture": "#0"},
				"down": {"uv": [13, 11, 12, 11.5], "texture": "#0"}
			}
		},
		{
			"from": [1, -3, 6],
			"to": [2, 1, 10],
			"rotation": {"angle": 0, "axis": "y", "origin": [2, -7, 5]},
			"faces": {
				"north": {"uv": [8.5, 5, 9, 7], "texture": "#0"},
				"east": {"uv": [0, 3, 2, 5], "texture": "#0"},
				"south": {"uv": [6, 9, 6.5, 11], "texture": "#0"},
				"west": {"uv": [3, 0, 5, 2], "texture": "#0"},
				"up": {"uv": [7, 11, 6.5, 9], "texture": "#0"},
				"down": {"uv": [7.5, 9, 7, 11], "texture": "#0"}
			}
		},
		{
			"from": [9, 8, 5],
			"to": [12, 9, 11],
			"rotation": {"angle": 0, "axis": "y", "origin": [11, 4, 5]},
			"faces": {
				"north": {"uv": [10.5, 6.5, 12, 7], "texture": "#0"},
				"east": {"uv": [8, 0, 11, 0.5], "texture": "#0"},
				"south": {"uv": [10.5, 7, 12, 7.5], "texture": "#0"},
				"west": {"uv": [8, 0.5, 11, 1], "texture": "#0"},
				"up": {"uv": [1.5, 3, 0, 0], "texture": "#0"},
				"down": {"uv": [3, 0, 1.5, 3], "texture": "#0"}
			}
		},
		{
			"from": [9, 4, 5],
			"to": [12, 8, 6],
			"rotation": {"angle": 0, "axis": "y", "origin": [11, 4, 5]},
			"faces": {
				"north": {"uv": [5.5, 3.5, 7, 5.5], "texture": "#0"},
				"east": {"uv": [3, 11, 3.5, 13], "texture": "#0"},
				"south": {"uv": [5.5, 5.5, 7, 7.5], "texture": "#0"},
				"west": {"uv": [3.5, 11, 4, 13], "texture": "#0"},
				"up": {"uv": [6, 12.5, 4.5, 12], "texture": "#0"},
				"down": {"uv": [13.5, 4.5, 12, 5], "texture": "#0"}
			}
		},
		{
			"from": [2, -3, 10],
			"to": [4, 0, 11],
			"rotation": {"angle": 0, "axis": "y", "origin": [4, -3, 10]},
			"faces": {
				"north": {"uv": [7.5, 7.5, 9, 9], "texture": "#0"},
				"east": {"uv": [1.5, 12, 2, 13.5], "texture": "#0"},
				"south": {"uv": [0, 8, 1.5, 9.5], "texture": "#0"},
				"west": {"uv": [2, 12, 2.5, 13.5], "texture": "#0"},
				"up": {"uv": [13.5, 3, 12, 2.5], "texture": "#0"},
				"down": {"uv": [13.5, 4, 12, 4.5], "texture": "#0"}
			}
		},
		{
			"from": [4, -2, 10],
			"to": [6, 1, 11],
			"rotation": {"angle": 0, "axis": "y", "origin": [5, -2, 10]},
			"faces": {
				"north": {"uv": [5, 2, 7, 3.5], "texture": "#0"},
				"east": {"uv": [1, 12, 1.5, 13.5], "texture": "#0"},
				"south": {"uv": [3.5, 5.5, 5.5, 7], "texture": "#0"},
				"west": {"uv": [12, 1, 12.5, 2.5], "texture": "#0"},
				"up": {"uv": [3, 10.5, 1, 10], "texture": "#0"},
				"down": {"uv": [12, 1, 10, 1.5], "texture": "#0"}
			}
		},
		{
			"from": [6, -1, 10],
			"to": [8, -1, 11],
			"rotation": {"angle": 0, "axis": "y", "origin": [6, -1, 10]},
			"faces": {
				"north": {"uv": [9.5, 7, 10.5, 8], "texture": "#0"},
				"east": {"uv": [5.5, 12.5, 6, 13.5], "texture": "#0"},
				"south": {"uv": [0, 10, 1, 11], "texture": "#0"},
				"west": {"uv": [12.5, 6.5, 13, 7.5], "texture": "#0"},
				"up": {"uv": [13.5, 2.5, 12.5, 2], "texture": "#0"},
				"down": {"uv": [8.5, 12.5, 7.5, 13], "texture": "#0"}
			}
		},
		{
			"from": [6, -1, 10],
			"to": [8, 2, 11],
			"rotation": {"angle": 0, "axis": "y", "origin": [7, 0, 10]},
			"faces": {
				"north": {"uv": [4.5, 7.5, 6, 9], "texture": "#0"},
				"east": {"uv": [10.5, 11.5, 11, 13], "texture": "#0"},
				"south": {"uv": [6, 7.5, 7.5, 9], "texture": "#0"},
				"west": {"uv": [11, 11.5, 11.5, 13], "texture": "#0"},
				"up": {"uv": [13, 11, 11.5, 10.5], "texture": "#0"},
				"down": {"uv": [13, 11.5, 11.5, 12], "texture": "#0"}
			}
		},
		{
			"from": [7, 2, 10],
			"to": [9, 3, 11],
			"rotation": {"angle": 0, "axis": "y", "origin": [8, 1, 10]},
			"faces": {
				"north": {"uv": [8.5, 3, 10, 4], "texture": "#0"},
				"east": {"uv": [4.5, 12.5, 5, 13.5], "texture": "#0"},
				"south": {"uv": [8.5, 4, 10, 5], "texture": "#0"},
				"west": {"uv": [5, 12.5, 5.5, 13.5], "texture": "#0"},
				"up": {"uv": [13, 10, 11.5, 9.5], "texture": "#0"},
				"down": {"uv": [13, 10, 11.5, 10.5], "texture": "#0"}
			}
		},
		{
			"from": [4, -3, 10],
			"to": [5, -2, 11],
			"rotation": {"angle": 0, "axis": "y", "origin": [5, -4, 10]},
			"faces": {
				"north": {"uv": [8.5, 3, 10, 4], "texture": "#0"},
				"east": {"uv": [4.5, 12.5, 5, 13.5], "texture": "#0"},
				"south": {"uv": [8.5, 4, 10, 5], "texture": "#0"},
				"west": {"uv": [5, 12.5, 5.5, 13.5], "texture": "#0"},
				"up": {"uv": [13, 10, 11.5, 9.5], "texture": "#0"},
				"down": {"uv": [13, 10, 11.5, 10.5], "texture": "#0"}
			}
		},
		{
			"from": [8, -1, 10],
			"to": [9, 0, 11],
			"rotation": {"angle": 0, "axis": "y", "origin": [9, -2, 10]},
			"faces": {
				"north": {"uv": [8.5, 3, 10, 4], "texture": "#0"},
				"east": {"uv": [4.5, 12.5, 5, 13.5], "texture": "#0"},
				"south": {"uv": [8.5, 4, 10, 5], "texture": "#0"},
				"west": {"uv": [5, 12.5, 5.5, 13.5], "texture": "#0"},
				"up": {"uv": [13, 10, 11.5, 9.5], "texture": "#0"},
				"down": {"uv": [13, 10, 11.5, 10.5], "texture": "#0"}
			}
		},
		{
			"from": [6, -2, 10],
			"to": [8, -1, 11],
			"rotation": {"angle": 0, "axis": "y", "origin": [8, -3, 10]},
			"faces": {
				"north": {"uv": [8.5, 3, 10, 4], "texture": "#0"},
				"east": {"uv": [4.5, 12.5, 5, 13.5], "texture": "#0"},
				"south": {"uv": [8.5, 4, 10, 5], "texture": "#0"},
				"west": {"uv": [5, 12.5, 5.5, 13.5], "texture": "#0"},
				"up": {"uv": [13, 10, 11.5, 9.5], "texture": "#0"},
				"down": {"uv": [13, 10, 11.5, 10.5], "texture": "#0"}
			}
		},
		{
			"from": [8, 0, 10],
			"to": [11, 2, 11],
			"rotation": {"angle": 0, "axis": "y", "origin": [9, 2, 10]},
			"faces": {
				"north": {"uv": [5, 0, 6.5, 2], "texture": "#0"},
				"east": {"uv": [4, 9.5, 4.5, 11.5], "texture": "#0"},
				"south": {"uv": [2, 5, 3.5, 7], "texture": "#0"},
				"west": {"uv": [9.5, 9, 10, 11], "texture": "#0"},
				"up": {"uv": [13, 6.5, 11.5, 6], "texture": "#0"},
				"down": {"uv": [10, 11.5, 8.5, 12], "texture": "#0"}
			}
		},
		{
			"from": [9, 2, 10],
			"to": [12, 4, 11],
			"rotation": {"angle": 0, "axis": "y", "origin": [10, 3, 10]},
			"faces": {
				"north": {"uv": [8.5, 2, 10, 3], "texture": "#0"},
				"east": {"uv": [12.5, 0, 13, 1], "texture": "#0"},
				"south": {"uv": [3, 8.5, 4.5, 9.5], "texture": "#0"},
				"west": {"uv": [12.5, 1, 13, 2], "texture": "#0"},
				"up": {"uv": [13, 6, 11.5, 5.5], "texture": "#0"},
				"down": {"uv": [7.5, 11.5, 6, 12], "texture": "#0"}
			}
		},
		{
			"from": [1, -3, 10],
			"to": [2, 0, 11],
			"rotation": {"angle": 0, "axis": "y", "origin": [11, 4, 10]},
			"faces": {
				"north": {"uv": [9.5, 5, 10.5, 6], "texture": "#0"},
				"east": {"uv": [11.5, 12, 12, 13], "texture": "#0"},
				"south": {"uv": [9.5, 6, 10.5, 7], "texture": "#0"},
				"west": {"uv": [12, 12, 12.5, 13], "texture": "#0"},
				"up": {"uv": [13, 8, 12, 7.5], "texture": "#0"},
				"down": {"uv": [13, 11, 12, 11.5], "texture": "#0"}
			}
		},
		{
			"from": [9, 4, 10],
			"to": [12, 8, 11],
			"rotation": {"angle": 0, "axis": "y", "origin": [11, 4, 10]},
			"faces": {
				"north": {"uv": [5.5, 3.5, 7, 5.5], "texture": "#0"},
				"east": {"uv": [3, 11, 3.5, 13], "texture": "#0"},
				"south": {"uv": [5.5, 5.5, 7, 7.5], "texture": "#0"},
				"west": {"uv": [3.5, 11, 4, 13], "texture": "#0"},
				"up": {"uv": [6, 12.5, 4.5, 12], "texture": "#0"},
				"down": {"uv": [13.5, 4.5, 12, 5], "texture": "#0"}
			}
		}
	],
	"display": {
		"thirdperson_righthand": {
			"rotation": [69, -0.75, 1],
			"translation": [-4.5, -1, 12.5]
		}
	},
	"groups": [
		{
			"name": "group",
			"origin": [11, 4, 5],
			"color": 0,
			"children": [0, 1, 2, 3, 4, 5, 6, 7, 8, 9, 10, 11, 12, 13, 14, 15, 16, 17, 18, 19, 20, 21, 22, 23, 24, 25, 26, 27, 28, 29, 30, 31, 32, 33, 34]
		}
	]
}